work_reference,bs_want_to_read,bs_currently_reading,bs_already_read,rating_average,rating_count,rating_1,rating_2,rating_3,rating_4,rating_5
/works/OL3759085W,43,1,40,4.25,16,1,0,1,6,8
/works/OL261196W,53,4,44,4.0,22,0,1,7,5,9
/works/OL262460W,288,14,45,4.043478260869565,23,0,0,8,6,9
/works/OL453743W,45,2,38,4.388888888888889,18,0,0,2,7,9
/works/OL17043626W,180,5,32,3.75,24,1,2,6,8,7
/works/OL81588W,224,14,32,3.8846153846153846,26,3,1,4,6,12
/works/OL77022W,98,10,39,3.5789473684210527,19,1,2,5,7,4
/works/OL17628996W,91,4,12,4.785714285714286,14,0,0,1,1,12
/works/OL77021W,181,13,34,3.588235294117647,17,0,2,7,4,4
/works/OL15544038W,28,5,34,4.115384615384615,26,0,3,3,8,12
/works/OL17125908W,34,4,37,3.6875,16,0,0,6,9,1
/works/OL11277334W,38,3,44,3.8947368421052633,19,1,2,2,7,7
/works/OL11277333W,53,4,42,3.888888888888889,18,0,2,3,8,5
/works/OL1063588W,342,23,36,4.444444444444445,18,0,0,3,4,11
/works/OL2392393W,213,18,18,3.888888888888889,18,0,1,5,7,5
/works/OL3773994W,63,4,47,4.733333333333333,15,0,0,0,4,11
/works/OL46399W,61,2,42,3.3684210526315788,19,0,4,4,11,0
/works/OL84894W,103,13,33,3.696969696969697,33,1,1,11,14,6
/works/OL11277302W,29,3,32,3.5714285714285716,14,1,1,4,5,3
/works/OL5809066W,33,1,37,4.0,14,0,2,3,2,7
/works/OL518262W,437,28,17,4.1875,16,1,1,1,4,9
/works/OL59727W,66,2,23,3.8823529411764706,17,0,2,2,9,4
/works/OL102732W,33,2,29,3.9565217391304346,23,0,1,7,7,8
/works/OL13691921W,24,0,27,4.391304347826087,23,0,0,2,10,11
/works/OL3335290W,41,0,29,4.157894736842105,19,0,2,1,8,8
/works/OL270887W,114,7,30,3.888888888888889,18,1,0,2,12,3
/works/OL20163028W,102,1,28,4.1875,16,2,0,0,5,9
/works/OL17413W,18,3,39,3.6666666666666665,21,0,1,7,11,2
/works/OL20577143W,3792,300,215,4.154545454545454,110,8,2,15,25,60
/works/OL20153626W,116,1,34,4.380952380952381,21,0,0,2,9,10
/works/OL149188W,92,6,39,3.65,20,0,2,8,5,5
/works/OL20406W,171,9,15,4.25,16,0,1,4,1,10
/works/OL11277279W,36,3,40,4.466666666666667,15,0,0,3,2,10
/works/OL11277298W,51,5,37,3.5625,16,2,0,5,5,4
/works/OL267174W,63,2,29,4.16,25,0,0,6,9,10
/works/OL167166W,99,11,31,4.2,20,0,1,2,9,8
/works/OL3845101W,24,4,37,3.5555555555555554,18,0,2,6,8,2
/works/OL17345493W,81,6,45,4.413793103448276,29,0,1,2,10,16
/works/OL64440W,32,1,37,4.178571428571429,28,0,3,3,8,14
/works/OL13268171W,219,11,16,4.7,20,0,0,2,2,16
/works/OL15437356W,56,0,25,3.5238095238095237,21,1,1,7,10,2
/works/OL3773927W,37,3,44,3.823529411764706,17,2,0,3,6,6
/works/OL15155214W,50,3,29,3.4,15,0,2,6,6,1
/works/OL15738951W,228,36,11,3.263157894736842,19,7,1,0,2,9
/works/OL45310W,226,20,31,3.8461538461538463,13,1,0,3,5,4
/works/OL5714284W,82,8,45,4.4375,16,0,0,2,5,9
/works/OL474061W,56,2,32,3.933333333333333,30,1,3,3,13,10
/works/OL679308W,14,0,29,4.478260869565218,23,0,2,1,4,16
/works/OL5842018W,251,17,49,3.611111111111111,18,1,1,6,6,4
/works/OL449013W,44,3,27,3.6875,16,0,2,3,9,2
/works/OL80473W,353,14,21,3.75,16,1,4,0,4,7
/works/OL19761909W,103,2,20,3.473684210526316,19,1,0,8,9,1
/works/OL73385W,123,5,41,4.5,18,0,0,1,7,10
/works/OL17104369W,141,5,40,4.434782608695652,23,0,2,2,3,16
/works/OL3771293W,32,2,39,3.4,15,2,1,5,3,4
/works/OL15160442W,106,4,27,3.9411764705882355,17,1,2,1,6,7
/works/OL17924222W,47,2,33,3.5714285714285716,14,2,0,3,6,3
/works/OL3004224W,41,8,33,4.684210526315789,19,0,0,1,4,14
/works/OL48035W,94,6,38,3.857142857142857,14,0,3,2,3,6
/works/OL17081194W,146,4,20,4.3478260869565215,23,2,0,1,5,15
/works/OL16114008W,144,4,133,4.233009708737864,103,1,1,8,56,37
/works/OL831023W,190,8,42,4.352941176470588,17,0,1,3,2,11
/works/OL3476063W,31,2,31,3.1333333333333333,15,2,3,4,3,3
/works/OL471724W,362,25,56,4.0588235294117645,17,1,1,3,3,9
/works/OL274944W,44,1,26,4.368421052631579,19,0,1,3,3,12
/works/OL16726829W,230,10,39,4.0,30,2,2,4,8,14
/works/OL81622W,105,5,37,3.1578947368421053,19,2,5,4,4,4
/works/OL59448W,223,13,27,4.611111111111111,18,0,0,0,7,11
/works/OL1865528W,839,16,38,4.055555555555555,18,0,0,4,9,5
/works/OL1948704W,133,10,19,4.384615384615385,13,1,1,0,1,10
/works/OL2664705W,10,0,37,3.7096774193548385,31,2,2,9,8,10
/works/OL16571997W,116,10,43,4.0,15,2,0,3,1,9
/works/OL16245632W,55,4,45,3.611111111111111,18,1,2,6,3,6
/works/OL39396W,255,10,31,3.6666666666666665,21,3,1,3,7,7
/works/OL3294436W,47,4,43,3.7333333333333334,15,0,4,0,7,4
/works/OL21207563W,16,0,21,3.7142857142857144,21,0,0,10,7,4
/works/OL11328452W,57,2,50,3.8333333333333335,18,0,1,6,6,5
/works/OL17930367W,559,24,22,4.529411764705882,17,0,0,2,4,11
/works/OL11327965W,30,2,34,3.533333333333333,15,0,3,3,7,2
/works/OL46368W,80,4,31,4.578947368421052,19,0,0,0,8,11
/works/OL8197348W,34,0,28,3.92,25,0,2,6,9,8
/works/OL20796936W,510,18,39,4.2,25,1,0,5,6,13
/works/OL1966566W,73,4,25,4.0,16,0,1,3,7,5
/works/OL46369W,0,0,0,,0,0,0,0,0,0
/works/OL58402W,399,24,84,4.366666666666666,30,0,1,5,6,18
/works/OL16805415W,417,31,58,3.7941176470588234,34,3,4,4,9,14
/works/OL1963251W,26,2,36,4.076923076923077,26,0,0,7,10,9
/works/OL4103857W,155,18,43,3.7857142857142856,28,2,3,5,7,11
/works/OL453686W,47,3,41,4.310344827586207,29,0,0,4,12,13
/works/OL17358701W,10,0,32,4.0,27,0,1,3,18,5
/works/OL45869W,95,8,31,3.5,22,3,1,7,4,7
/works/OL2959246W,26,1,39,3.8125,16,0,1,5,6,4
/works/OL15130687W,418,28,25,4.333333333333333,21,1,0,2,6,12
/works/OL16325201W,162,15,93,3.948717948717949,39,0,2,11,13,13
/works/OL11277322W,54,6,44,4.105263157894737,19,0,3,1,6,9
/works/OL3775456W,35,3,37,3.7777777777777777,18,2,1,2,7,6
/works/OL11822691W,132,6,31,3.75,20,0,2,7,5,6
/works/OL3775451W,52,7,40,4.1,20,1,1,3,5,10
/works/OL11277330W,44,4,55,3.9473684210526314,19,1,0,3,10,5
/works/OL3770467W,28,3,38,4.066666666666666,15,0,2,2,4,7
/works/OL13731150W,69,2,32,4.04,25,0,1,6,9,9
/works/OL2919959W,175,9,44,4.285714285714286,28,1,0,3,10,14
/works/OL3296482W,180,4,36,4.038461538461538,26,0,0,9,7,10
/works/OL17499009W,131,19,47,4.08,25,2,2,2,5,14
/works/OL16806416W,83,6,31,3.740740740740741,27,1,2,7,10,7
/works/OL2271626W,92,2,30,4.571428571428571,21,0,0,1,7,13
/works/OL23793W,108,3,33,3.652173913043478,23,3,0,7,5,8
/works/OL167178W,174,11,39,4.0,20,0,2,1,12,5
/works/OL149171W,92,3,24,3.375,16,1,4,3,4,4
/works/OL16591835W,329,22,25,3.875,24,2,2,5,3,12
/works/OL8369450W,22,3,31,4.037037037037037,27,0,0,6,14,7
/works/OL16481385W,33,1,30,4.0625,16,0,0,4,7,5
/works/OL46395W,109,4,53,3.9310344827586206,29,0,5,1,14,9
/works/OL17319838W,192,6,48,4.166666666666667,24,0,2,4,6,12
/works/OL17311132W,122,12,38,4.458333333333333,24,0,1,4,2,17
/works/OL11277341W,96,8,64,3.888888888888889,27,1,3,5,7,11
/works/OL7924099W,45,2,51,3.8,35,1,1,12,11,10
/works/OL19714233W,997,53,27,3.9130434782608696,23,2,3,2,4,12
/works/OL268217W,553,38,29,4.190476190476191,21,0,2,4,3,12
/works/OL84892W,61,6,31,4.0476190476190474,21,0,1,3,11,6
/works/OL9195993W,19,1,26,4.1875,16,0,0,2,9,5
/works/OL261159W,270,13,59,4.0476190476190474,21,0,2,5,4,10
/works/OL2950903W,236,13,59,4.105263157894737,38,0,0,9,16,13
/works/OL17339151W,187,7,32,4.421052631578948,19,0,0,3,5,11
/works/OL471895W,105,7,45,4.142857142857143,21,0,0,4,10,7
/works/OL893516W,112,9,63,4.043478260869565,23,1,0,5,8,9
/works/OL15168112W,145,11,30,4.041666666666667,24,0,0,7,9,8
/works/OL483387W,138,16,21,4.45,20,0,2,0,5,13
/works/OL3243765W,318,22,35,4.12,25,0,1,4,11,9
/works/OL3770463W,18,1,30,3.9285714285714284,14,1,0,3,5,5
/works/OL14973267W,19,2,42,4.34375,32,0,0,5,11,16
/works/OL2959212W,31,4,41,4.75,16,0,0,0,4,12
/works/OL19792445W,23,0,42,4.138888888888889,36,0,1,4,20,11
/works/OL362694W,94,5,29,3.619047619047619,21,0,2,7,9,3
/works/OL21345494W,52,1,33,3.7333333333333334,30,0,4,7,12,7
/works/OL3771314W,35,1,27,3.5,16,3,3,1,1,8
/works/OL14973266W,3,0,40,4.090909090909091,33,0,0,9,12,12
/works/OL4092686W,96,4,29,3.388888888888889,18,3,2,5,1,7
/works/OL4342716W,50,3,39,4.055555555555555,18,0,1,5,4,8
/works/OL20126964W,99,2,38,3.838709677419355,31,2,2,4,14,9
/works/OL5810762W,64,5,37,3.5294117647058822,17,1,1,6,6,3
/works/OL16915199W,329,29,62,4.076923076923077,26,0,4,4,4,14
/works/OL17809871W,39,5,41,4.0,20,0,1,5,7,7
/works/OL18289083W,117,10,16,4.882352941176471,17,0,0,1,0,16
/works/OL15000756W,80,1,43,4.085714285714285,35,0,1,7,15,12
/works/OL26952W,56,2,40,4.555555555555555,18,1,0,1,2,14
/works/OL111900W,410,29,36,3.9375,32,3,1,6,7,15
/works/OL498463W,108,4,40,4.16,25,0,0,6,9,10
/works/OL14727W,191,17,36,3.9583333333333335,24,0,4,2,9,9
/works/OL8115851W,54,6,25,4.4375,16,1,0,0,5,10
/works/OL98484W,83,3,38,3.772727272727273,22,0,1,8,8,5
/works/OL2010893W,566,56,32,3.6315789473684212,19,3,2,2,4,8
/works/OL3770495W,53,4,54,3.789473684210526,19,1,2,4,5,7
/works/OL4215998W,40,2,33,4.157894736842105,19,1,0,3,6,9
/works/OL46374W,64,3,29,4.142857142857143,21,1,0,3,8,9
/works/OL151947W,97,9,39,4.190476190476191,21,0,3,2,4,12
/works/OL14932974W,194,6,34,3.8181818181818183,22,1,3,3,7,8
/works/OL804638W,165,7,26,4.111111111111111,18,0,1,2,9,6
/works/OL19660532W,12,0,33,3.84,25,0,0,9,11,5
/works/OL39379W,279,14,30,4.166666666666667,18,0,2,3,3,10
/works/OL40875W,121,6,46,3.966666666666667,30,0,2,4,17,7
/works/OL80763W,192,16,49,3.9565217391304346,23,0,2,7,4,10
/works/OL2959374W,32,3,34,3.9411764705882355,17,0,1,5,5,6
/works/OL3759335W,32,7,40,4.0,16,1,0,2,8,5
/works/OL2130549W,120,3,39,3.8095238095238093,21,0,1,7,8,5
/works/OL9265310W,29,3,28,4.0,16,1,0,3,6,6
/works/OL3775494W,42,4,41,3.4,15,2,1,5,3,4
/works/OL17627358W,58,6,36,4.588235294117647,17,0,1,0,4,12
/works/OL3296483W,102,5,45,4.114285714285714,35,0,0,6,19,10
/works/OL3954921W,209,16,37,4.0,19,1,0,3,9,6
/works/OL15104047W,61,4,48,3.5833333333333335,24,1,1,10,7,5
/works/OL12489W,304,33,32,4.55,20,1,0,1,3,15
/works/OL3498612W,40,5,40,3.933333333333333,15,1,1,1,7,5
/works/OL17615537W,414,62,13,3.9,20,4,0,1,4,11
/works/OL18130476W,237,14,9,4.625,16,1,0,0,2,13
/works/OL263270W,86,9,29,4.333333333333333,15,0,0,2,6,7
/works/OL3348011W,95,7,48,3.90625,32,1,1,9,10,11
/works/OL82374W,83,0,30,3.652173913043478,23,2,1,6,8,6
/works/OL17352669W,843,58,93,3.92,50,1,2,17,10,20
/works/OL16459607W,227,19,27,3.5454545454545454,22,3,3,4,3,9
/works/OL4273174W,89,13,51,4.1,20,1,1,3,5,10
/works/OL510435W,77,2,30,3.909090909090909,22,2,1,5,3,11
/works/OL17334243W,59,2,33,4.0476190476190474,21,1,1,0,13,6
/works/OL4273160W,74,1,45,3.9473684210526314,19,2,1,1,7,8
/works/OL8423517W,86,6,31,3.88,25,1,0,6,12,6
/works/OL1898287W,139,6,41,4.185185185185185,27,1,1,6,3,16
/works/OL15317896W,90,5,38,4.038461538461538,26,1,2,4,7,12
/works/OL2944469W,279,19,54,4.086956521739131,23,1,0,5,7,10
/works/OL15673516W,14,1,38,4.111111111111111,27,0,1,3,15,8
/works/OL15104126W,55,3,47,4.076923076923077,26,0,0,8,8,10
/works/OL43861W,75,4,28,3.380952380952381,21,0,4,9,4,4
/works/OL5836668W,371,40,23,3.9473684210526314,19,3,1,2,1,12
/works/OL5961769W,11,1,25,4.181818181818182,22,0,0,4,10,8
/works/OL3775438W,27,6,35,3.6842105263157894,19,0,4,6,1,8
/works/OL17356252W,483,22,26,3.789473684210526,19,2,2,2,5,8
/works/OL228702W,335,19,40,4.2,25,0,1,3,11,10
/works/OL1230613W,409,32,70,4.09375,32,1,1,5,12,13
/works/OL17917961W,202,5,34,3.8275862068965516,29,1,4,5,8,11
/works/OL20808172W,1546,71,47,3.948717948717949,39,3,2,4,15,15
/works/OL891923W,216,8,43,3.7,20,1,3,5,3,8
/works/OL2625443W,57,1,33,3.7142857142857144,28,0,3,7,13,5
/works/OL1066524W,110,7,23,3.875,16,1,0,4,6,5
/works/OL18170596W,98,5,23,4.529411764705882,17,1,1,0,1,14
/works/OL16701775W,26,2,41,3.9411764705882355,17,0,3,2,5,7
/works/OL20153262W,290,11,19,4.416666666666667,24,2,1,1,1,19
/works/OL19659659W,185,6,14,4.291666666666667,24,4,0,0,1,19
/works/OL4182020W,55,3,33,4.0,18,0,2,2,8,6
/works/OL166973W,88,4,31,4.037037037037037,27,1,0,6,10,10
/works/OL5762090W,127,17,22,3.227272727272727,22,2,6,4,5,5
/works/OL12119439W,259,44,11,3.764705882352941,17,3,1,2,2,9
/works/OL17606586W,141,6,48,4.761904761904762,21,1,0,0,1,19
/works/OL17343072W,42,1,36,3.310344827586207,29,0,3,16,8,2
/works/OL3004228W,127,10,35,4.458333333333333,24,1,1,1,4,17
/works/OL468675W,128,10,28,4.16,25,3,0,2,5,15
/works/OL8756055W,59,3,21,4.0,21,2,1,4,2,12
/works/OL151996W,126,9,38,4.076923076923077,26,1,2,1,12,10
/works/OL54813W,253,27,24,4.125,16,1,0,2,6,7
/works/OL921907W,29,4,32,3.7777777777777777,18,1,1,4,7,5
/works/OL24178205W,4416,211,174,4.177777777777778,135,12,1,14,32,76
/works/OL14975242W,28,2,39,4.59375,32,0,1,0,10,21
/works/OL84924W,52,2,32,3.652173913043478,23,0,2,9,7,5
/works/OL77813W,177,10,52,4.214285714285714,28,0,1,5,9,13
/works/OL18199565W,549,29,28,3.75,20,3,1,2,6,8
/works/OL457179W,256,17,41,3.8620689655172415,29,1,4,3,11,10
/works/OL3775426W,36,3,40,3.75,16,1,1,3,7,4
/works/OL4273148W,47,4,44,4.235294117647059,17,1,1,1,4,10
/works/OL27254W,45,3,48,3.9411764705882355,34,0,1,8,17,8
/works/OL3467511W,46,6,56,4.238095238095238,21,0,2,2,6,11
/works/OL13716951W,162,9,68,3.8947368421052633,38,0,2,11,14,11
/works/OL16806686W,62,3,55,4.088888888888889,45,0,3,6,20,16
/works/OL23481W,331,20,47,4.1923076923076925,26,0,1,6,6,13
/works/OL1954412W,200,20,47,4.166666666666667,30,0,2,5,9,14
/works/OL46402W,77,5,50,4.105263157894737,19,0,0,4,9,6
/works/OL262554W,277,30,41,4.705882352941177,34,0,1,0,7,26
/works/OL1915012W,248,16,25,4.4375,16,1,1,0,2,12
/works/OL278270W,21,0,32,3.896551724137931,29,1,0,6,16,6
/works/OL3775467W,54,6,35,3.466666666666667,15,1,1,7,2,4
/works/OL3476028W,27,4,37,3.625,16,1,1,5,5,4
/works/OL11327987W,87,5,49,3.473684210526316,19,2,2,6,3,6
/works/OL15728504W,131,3,14,4.55,20,0,1,2,2,15
/works/OL453661W,54,3,63,3.8378378378378377,37,0,2,12,13,10
/works/OL1089297W,361,23,78,3.6545454545454548,55,3,3,15,23,11
/works/OL453668W,49,2,58,4.342105263157895,38,0,0,2,21,15
/works/OL11327982W,68,6,49,3.125,16,2,2,6,4,2
/works/OL53994W,138,14,36,3.6818181818181817,22,1,1,7,8,5
/works/OL11327973W,52,3,45,3.8947368421052633,19,0,2,3,9,5
/works/OL15110519W,228,13,44,3.9705882352941178,34,5,1,4,4,20
/works/OL11327666W,56,5,40,3.7058823529411766,17,0,0,9,4,4
/works/OL14973274W,4,0,26,4.130434782608695,23,0,1,2,13,7
/works/OL262580W,105,5,24,4.368421052631579,19,0,1,2,5,11
/works/OL17597665W,386,19,49,4.428571428571429,21,0,2,2,2,15
/works/OL66562W,469,39,49,3.64,25,3,2,3,10,7
/works/OL20882185W,206,13,10,4.684210526315789,19,1,0,1,0,17
/works/OL6030812W,77,4,32,3.8846153846153846,26,0,3,3,14,6
/works/OL276032W,175,4,24,4.136363636363637,22,0,2,2,9,9
/works/OL14975232W,32,1,42,4.333333333333333,30,0,2,2,10,16
/works/OL50567W,510,25,48,3.7714285714285714,35,3,1,8,12,11
/works/OL17078944W,278,43,24,3.4285714285714284,21,6,1,2,2,10
/works/OL17181541W,294,22,52,4.214285714285714,28,1,1,5,5,16
/works/OL27634W,220,15,41,3.8333333333333335,18,1,0,4,9,4
/works/OL2163714W,150,7,52,4.0,27,1,0,6,11,9
/works/OL11967335W,3,2,25,4.130434782608695,23,0,1,1,15,6
/works/OL3498590W,30,4,40,4.066666666666666,15,1,1,2,3,8
/works/OL30294W,163,10,40,3.272727272727273,22,3,1,8,7,3
/works/OL5734756W,137,2,47,4.121212121212121,33,0,1,3,20,9
/works/OL1455042W,201,11,42,4.0,27,1,2,4,9,11
/works/OL18019431W,116,8,57,4.535714285714286,28,1,1,2,2,22
/works/OL457175W,369,25,32,3.5238095238095237,21,3,2,3,7,6
/works/OL50627W,88,7,28,4.157894736842105,19,1,0,3,6,9
/works/OL15082314W,27,2,39,3.7777777777777777,27,1,1,8,10,7
/works/OL8257117W,361,19,22,4.533333333333333,15,1,0,1,1,12
/works/OL5731542W,270,18,38,4.333333333333333,24,0,0,3,10,11
/works/OL3845170W,35,2,39,2.875,16,3,3,5,3,2
/works/OL16809836W,7,1,37,4.433333333333334,30,0,0,3,11,16
/works/OL15449786W,23,0,49,4.4411764705882355,34,0,2,1,11,20
/works/OL46377W,48,6,55,4.125,32,0,0,7,14,11
/works/OL20642211W,32,2,28,4.208333333333333,24,0,1,5,6,12
/works/OL3494320W,109,6,33,4.391304347826087,23,0,0,3,8,12
/works/OL20716197W,646,30,36,4.15,20,2,0,3,3,12
/works/OL29261W,118,4,36,4.5,18,1,0,0,5,12
/works/OL7921142W,46,2,24,4.0,23,0,2,6,5,10
/works/OL46472W,259,14,31,3.9130434782608696,23,2,1,6,2,12
/works/OL462007W,273,16,42,3.5217391304347827,23,4,0,7,4,8
/works/OL1418236W,101,8,42,4.0,26,0,2,7,6,11
/works/OL17933495W,26,2,26,4.052631578947368,19,0,1,4,7,7
/works/OL4926069W,144,15,8,3.761904761904762,21,3,3,2,1,12
/works/OL16585786W,30,0,43,3.7941176470588234,34,0,1,14,10,9
/works/OL16123737W,35,2,38,4.357142857142857,28,1,0,4,6,17
/works/OL17812662W,182,7,14,4.588235294117647,17,1,0,1,1,14
/works/OL32197W,368,9,40,4.258064516129032,31,1,2,2,9,17
/works/OL19675651W,153,15,19,4.56,25,2,0,1,1,21
/works/OL20646061W,1654,73,61,4.295454545454546,44,6,0,1,5,32
/works/OL16810121W,55,2,32,3.8214285714285716,28,0,1,8,14,5
/works/OL18560602W,160,8,28,3.925925925925926,27,1,1,5,12,8
/works/OL276557W,159,9,32,3.6666666666666665,27,0,3,9,9,6
/works/OL81624W,185,9,54,4.0,23,1,2,2,9,9
/works/OL41059W,99,3,50,4.333333333333333,27,0,0,3,12,12
/works/OL11277296W,25,3,30,4.066666666666666,15,0,2,1,6,6
/works/OL59858W,106,2,34,3.9615384615384617,26,1,0,6,11,8
/works/OL56905W,18,2,26,3.7,20,1,3,3,7,6
/works/OL8315270W,41,3,39,3.823529411764706,17,0,0,7,6,4
/works/OL5961772W,6,0,45,4.28125,32,0,0,5,13,14
/works/OL4181997W,51,6,44,3.823529411764706,17,1,1,2,9,4
/works/OL3775500W,61,5,32,4.4,15,1,1,0,2,11
/works/OL8455258W,224,19,54,3.967741935483871,31,2,1,6,9,13
/works/OL2941508W,227,14,39,4.0,28,0,3,5,9,11
/works/OL5969752W,416,19,48,4.545454545454546,22,0,1,2,3,16
/works/OL21010925W,18,1,42,4.228571428571429,35,1,0,5,13,16
/works/OL46883W,84,8,49,3.625,32,0,6,7,12,7
/works/OL679281W,12,0,37,4.4375,32,0,3,0,9,20
/works/OL3771088W,41,5,49,3.875,16,2,2,1,2,9
/works/OL15093856W,102,3,36,4.0,16,2,0,2,4,8
/works/OL38494W,91,5,40,4.518518518518518,27,0,0,2,9,16
/works/OL9740815W,43,0,33,3.7666666666666666,30,2,1,4,18,5
/works/OL1975712W,33,0,36,3.6666666666666665,27,0,2,9,12,4
/works/OL17812914W,368,17,22,4.571428571428571,35,2,0,2,3,28
/works/OL16086747W,331,10,57,4.388888888888889,36,1,0,4,10,21
/works/OL15746656W,66,1,32,3.9523809523809526,21,1,1,5,5,9
/works/OL20157046W,74,0,30,4.166666666666667,24,0,1,4,9,10
/works/OL1810107W,30,2,37,3.6785714285714284,28,2,4,7,3,12
/works/OL16465449W,412,27,47,4.4324324324324325,37,2,1,1,8,25
/works/OL1388028W,131,5,39,4.045454545454546,22,0,1,5,8,8
/works/OL11967337W,25,2,47,4.171428571428572,35,0,0,7,15,13
/works/OL27422475W,91,10,56,4.12,25,0,0,7,8,10
/works/OL19661329W,18,0,39,4.366666666666666,30,0,0,1,17,12
/works/OL7966242W,163,11,53,3.423076923076923,26,3,2,9,5,7
/works/OL2172433W,92,2,54,4.025,40,0,3,6,18,13
/works/OL453739W,33,2,47,4.357142857142857,28,0,0,3,12,13
/works/OL11967338W,20,1,43,4.375,32,0,0,4,12,16
/works/OL14981238W,17,0,28,3.857142857142857,21,1,2,2,10,6
/works/OL2625412W,94,2,47,4.1,40,1,2,7,12,18
/works/OL11967339W,19,0,44,4.193548387096774,31,0,2,4,11,14
/works/OL3775452W,36,2,36,4.294117647058823,17,0,0,2,8,7
/works/OL15040856W,71,6,27,4.380952380952381,21,0,0,3,7,11
/works/OL19800273W,26,1,40,4.46875,32,0,0,2,13,17
/works/OL17062642W,25,2,47,4.0,40,0,0,8,24,8
/works/OL45866W,298,33,44,3.6176470588235294,34,4,2,8,9,11
/works/OL18108064W,980,33,27,4.407407407407407,27,2,1,1,3,20
/works/OL3775418W,22,2,39,4.0,20,2,1,1,7,9
/works/OL114967W,265,17,35,3.75,24,1,3,5,7,8
/works/OL11327962W,42,2,53,4.0,20,0,2,4,6,8
/works/OL483385W,219,20,33,3.3333333333333335,21,1,5,5,6,4
/works/OL31157W,210,8,35,3.933333333333333,30,0,2,5,16,7
/works/OL15493152W,193,14,36,4.463414634146342,41,3,0,1,8,29
/works/OL3759349W,71,8,50,3.347826086956522,23,2,4,5,8,4
/works/OL49463W,34,1,62,3.727272727272727,44,1,3,12,19,9
/works/OL16086010W,216,13,48,4.076923076923077,39,0,2,4,22,11
/works/OL81602W,192,12,43,4.476190476190476,21,0,0,2,7,12
/works/OL81619W,229,8,65,4.029411764705882,34,0,2,10,7,15
/works/OL20893680W,151,0,40,4.695652173913044,23,0,0,0,7,16
/works/OL16087186W,39,1,37,3.7222222222222223,18,1,2,2,9,4
/works/OL16312108W,205,16,45,4.0344827586206895,29,0,1,7,11,10
/works/OL2707184W,35,0,36,3.8,30,1,4,6,8,11
/works/OL36633W,417,18,52,4.407407407407407,27,2,0,1,6,18
/works/OL8193478W,273,28,44,4.291666666666667,24,0,0,4,9,11
/works/OL152268W,94,2,37,3.84,25,0,2,7,9,7
/works/OL17607742W,70,0,36,3.8275862068965516,29,1,0,10,10,8
/works/OL77001W,197,8,35,3.9,20,1,1,3,9,6
/works/OL11277304W,74,6,55,3.7857142857142856,28,2,1,7,9,9
/works/OL1811898W,349,12,58,4.0256410256410255,39,0,3,8,13,15
/works/OL17619932W,75,2,47,3.9444444444444446,36,0,2,9,14,11
/works/OL1963268W,238,8,137,4.184466019417476,103,3,4,8,44,44
/works/OL15104131W,69,12,58,4.0,27,0,0,8,11,8
/works/OL16489931W,351,11,42,3.96875,32,1,2,7,9,13
/works/OL11327953W,61,2,57,3.9583333333333335,24,1,0,8,5,10
/works/OL8842598W,144,12,31,4.7,20,1,0,1,0,18
/works/OL103194W,219,9,44,4.16,25,0,1,4,10,10
/works/OL16099103W,120,13,50,3.6538461538461537,26,0,4,8,7,7
/works/OL116266W,182,12,27,4.1,20,1,1,3,5,10
/works/OL81609W,178,15,46,3.869565217391304,23,2,1,5,5,10
/works/OL59855W,58,1,48,3.9696969696969697,33,0,0,8,18,7
/works/OL3467489W,48,6,43,3.8823529411764706,17,1,2,3,3,8
/works/OL52456W,138,4,31,4.041666666666667,24,2,1,1,10,10
/works/OL16808806W,77,1,38,4.32258064516129,31,0,0,5,11,15
/works/OL14856842W,293,22,46,4.65,20,0,1,0,4,15
/works/OL14852888W,147,6,51,3.6944444444444446,36,3,1,10,12,10
/works/OL152328W,99,10,39,4.458333333333333,24,0,0,3,7,14
/works/OL17078706W,500,39,49,4.138888888888889,36,0,3,5,12,16
/works/OL71078W,173,10,65,3.9565217391304346,23,0,3,4,7,9
/works/OL5961783W,5,1,28,4.083333333333333,24,0,0,3,16,5
/works/OL1835957W,146,4,51,4.129032258064516,31,0,1,6,12,12
/works/OL2465682W,31,1,29,4.0,21,0,0,5,11,5
/works/OL19870W,154,12,26,3.9565217391304346,23,2,0,4,8,9
/works/OL253475W,27,0,29,4.392857142857143,28,0,0,2,13,13
/works/OL98454W,172,12,60,4.25,32,0,0,4,16,12
/works/OL45887W,221,18,38,4.0,34,2,3,2,13,14
/works/OL19090403W,29,0,30,4.12,25,0,1,4,11,9
/works/OL21435W,355,31,35,4.2,25,2,2,2,2,17
/works/OL14996932W,20,0,25,4.12,25,0,0,8,6,11
/works/OL5685114W,20,1,48,4.257142857142857,35,0,0,7,12,16
/works/OL23480W,356,31,39,4.333333333333333,21,0,1,4,3,13
/works/OL19340214W,24,1,42,4.105263157894737,38,0,1,5,21,11
/works/OL19960448W,30,2,45,4.303030303030303,33,0,0,5,13,15
/works/OL4342659W,33,2,39,3.1176470588235294,17,2,2,7,4,2
/works/OL1955906W,190,10,56,4.428571428571429,28,0,1,3,7,17
/works/OL5805254W,163,10,34,4.695652173913044,23,1,0,0,3,19
/works/OL17349393W,40,3,66,4.333333333333333,45,0,0,8,14,23
/works/OL2974379W,60,1,32,3.8,25,1,2,6,8,8
/works/OL3773913W,37,6,38,4.157894736842105,19,2,0,1,6,10
/works/OL20465177W,405,15,30,3.8,35,8,1,2,3,21
/works/OL35623W,341,7,46,4.538461538461538,26,0,0,3,6,17
/works/OL263273W,122,13,42,4.2,25,0,1,5,7,12
/works/OL810991W,288,7,31,3.761904761904762,21,2,1,5,5,8
/works/OL17812650W,321,28,28,3.8846153846153846,26,3,2,4,3,14
/works/OL16361049W,331,24,48,4.777777777777778,36,1,0,1,2,32
/works/OL17231441W,396,30,36,4.208333333333333,24,1,2,2,5,14
/works/OL151938W,160,11,48,3.8461538461538463,26,0,2,8,8,8
/works/OL4472925W,6,3,30,4.25,16,1,1,1,3,10
/works/OL15932756W,118,9,33,4.2,25,2,1,2,5,15
/works/OL453663W,48,0,39,4.217391304347826,23,0,0,5,8,10
/works/OL267096W,527,32,54,4.137931034482759,29,0,0,8,9,12
/works/OL453662W,69,1,63,4.073170731707317,41,1,0,9,16,15
/works/OL16477332W,60,6,39,3.4210526315789473,19,2,3,5,3,6
/works/OL17332150W,169,13,27,4.666666666666667,18,0,0,3,0,15
/works/OL74504W,206,11,59,4.0,34,2,1,5,13,13
/works/OL35616W,330,13,53,4.46875,32,0,0,4,9,19
/works/OL1974546W,282,7,82,3.7962962962962963,54,2,4,8,29,11
/works/OL17732W,496,54,43,4.0,31,4,2,2,5,18
/works/OL13850788W,295,18,51,4.212121212121212,33,0,0,6,14,13
/works/OL16813053W,78,8,91,4.763636363636364,55,0,0,3,7,45
/works/OL3775425W,65,4,62,3.8333333333333335,24,1,3,4,7,9
/works/OL15739796W,287,26,45,4.451612903225806,31,3,0,1,3,24
/works/OL11277286W,57,7,42,4.368421052631579,19,0,0,4,4,11
/works/OL17924837W,317,15,30,4.074074074074074,27,0,3,4,8,12
/works/OL17897265W,29,1,44,4.114285714285714,35,0,1,6,16,12
/works/OL62107W,136,8,66,3.840909090909091,44,2,5,7,14,16
/works/OL17332803W,152,2,44,3.6875,32,0,4,9,12,7
/works/OL16799356W,26,0,56,4.340425531914893,47,1,1,4,16,25
/works/OL1916907W,53,1,34,3.5925925925925926,27,0,6,6,8,7
/works/OL17356883W,339,24,46,4.142857142857143,21,1,1,4,3,12
/works/OL453907W,56,1,47,4.483870967741935,31,0,0,3,10,18
/works/OL115602W,373,48,36,4.625,24,0,0,1,7,16
/works/OL2693077W,101,2,45,3.6,35,1,2,13,13,6
/works/OL271504W,181,11,44,3.696969696969697,33,1,3,9,12,8
/works/OL893502W,67,7,51,4.0,34,2,0,7,12,13
/works/OL219602W,70,2,26,4.115384615384615,26,0,3,3,8,12
/works/OL20715162W,46,2,41,4.285714285714286,35,0,0,4,17,14
/works/OL5819962W,1819,99,87,4.4,65,4,0,6,11,44
/works/OL26459W,131,4,36,4.217391304347826,23,0,1,3,9,10
/works/OL50283W,258,15,38,4.0,31,2,1,7,6,15
/works/OL16810944W,536,39,48,4.648648648648648,37,0,0,2,9,26
/works/OL2336233W,137,15,13,4.473684210526316,19,0,1,2,3,13
/works/OL16809803W,377,25,48,3.972972972972973,37,1,1,9,13,13
/works/OL13977W,63,3,39,3.896551724137931,29,0,3,6,11,9
/works/OL26460746W,228,8,42,3.772727272727273,22,2,1,5,6,8
/works/OL17357767W,258,8,36,3.96875,32,0,2,6,15,9
/works/OL18199566W,581,31,20,4.533333333333333,30,2,0,0,6,22
/works/OL1812933W,928,50,68,3.75,52,2,5,12,18,15
/works/OL5961786W,26,2,54,4.114285714285714,35,0,1,7,14,13
/works/OL20890488W,560,18,30,4.617647058823529,34,1,0,3,3,27
/works/OL8514692W,91,5,62,4.043478260869565,46,0,4,7,18,17
/works/OL5961774W,45,3,36,4.142857142857143,28,0,1,4,13,10
/works/OL86343W,126,5,45,3.3214285714285716,28,4,4,6,7,7
/works/OL7988545W,177,6,43,4.266666666666667,30,1,1,5,5,18
/works/OL14917748W,417,29,65,3.9705882352941178,34,0,2,8,13,11
/works/OL16597059W,77,3,83,4.171875,64,0,0,12,29,23
/works/OL27079W,217,15,59,4.212121212121212,33,1,3,2,9,18
/works/OL695408W,687,60,28,3.9615384615384617,26,3,0,5,5,13
/works/OL514629W,194,9,90,4.105263157894737,76,3,2,11,28,32
/works/OL5759990W,59,0,31,4.454545454545454,22,1,1,0,5,15
/works/OL17623418W,381,24,19,4.157894736842105,38,5,1,2,5,25
/works/OL16509148W,1868,99,144,4.3,90,1,4,13,21,51
/works/OL110971W,145,10,41,4.413793103448276,29,0,0,4,9,16
/works/OL1932036W,123,5,35,4.0,20,0,1,6,5,8
/works/OL50457W,87,1,40,3.533333333333333,30,2,2,8,14,4
/works/OL15414803W,206,12,68,4.051282051282051,39,1,3,7,10,18
/works/OL17201654W,216,7,47,4.294117647058823,34,0,1,5,11,17
/works/OL41081W,107,2,52,4.48,25,0,1,2,6,16
/works/OL98487W,134,5,38,4.266666666666667,30,0,0,6,10,14
/works/OL20018734W,15,0,40,4.387096774193548,31,0,1,3,10,17
/works/OL18203673W,2564,71,85,4.193548387096774,62,8,2,2,8,42
/works/OL14909099W,173,15,39,4.607142857142857,28,0,0,1,9,18
/works/OL3237560W,335,11,57,3.9583333333333335,24,3,1,3,4,13
/works/OL278437W,303,25,34,4.090909090909091,22,2,1,3,3,13
/works/OL15014715W,77,3,61,3.9069767441860463,43,0,1,11,22,9
/works/OL15202030W,124,4,33,4.178571428571429,28,0,2,6,5,15
/works/OL274574W,163,5,31,3.962962962962963,27,1,0,7,10,9
/works/OL2707183W,165,6,69,3.813953488372093,43,3,3,7,16,14
/works/OL16596099W,412,29,69,4.363636363636363,33,0,1,4,10,18
/works/OL278571W,308,10,31,3.9130434782608696,23,0,3,5,6,9
/works/OL39349W,275,9,47,3.7941176470588234,34,0,3,10,12,9
/works/OL17641518W,284,15,47,4.107142857142857,28,1,0,7,7,13
/works/OL10432709W,214,7,48,4.2439024390243905,41,0,1,6,16,18
/works/OL17342469W,313,22,66,4.520833333333333,48,0,0,6,11,31
/works/OL16117275W,35,0,53,4.375,40,0,0,1,23,16
/works/OL257948W,98,4,85,4.131147540983607,61,0,1,14,22,24
/works/OL81665W,115,3,71,3.6666666666666665,54,1,7,12,23,11
/works/OL274518W,275,14,50,4.054054054054054,37,1,3,6,10,17
/works/OL19753589W,10,0,63,4.155555555555556,45,0,1,7,21,16
/works/OL465952W,192,19,54,3.9130434782608696,23,1,1,6,6,9
/works/OL5819886W,211,25,79,4.073170731707317,41,2,1,8,11,19
/works/OL15056584W,226,10,27,4.16,25,2,1,3,4,15
/works/OL16700318W,70,2,50,3.86046511627907,43,1,3,7,22,10
/works/OL81630W,262,17,77,4.176470588235294,34,1,1,5,11,16
/works/OL19719995W,556,27,23,4.21875,32,3,0,5,3,21
/works/OL941669W,91,6,31,3.923076923076923,26,0,4,4,8,10
/works/OL134601W,261,18,49,4.358974358974359,39,0,0,6,13,20
/works/OL13852411W,185,18,19,3.8484848484848486,33,7,2,0,4,20
/works/OL76836W,155,13,50,3.48,25,1,2,10,8,4
/works/OL81612W,164,10,42,3.8636363636363638,22,1,0,6,9,6
/works/OL5734646W,18,0,52,3.731707317073171,41,0,3,13,17,8
/works/OL46390W,144,6,55,4.1395348837209305,43,1,1,9,12,20
/works/OL258758W,160,9,48,3.875,32,1,2,6,14,9
/works/OL8698136W,93,2,57,3.9285714285714284,42,0,1,11,20,10
/works/OL66513W,414,24,62,3.875,32,2,1,6,13,10
/works/OL73387W,230,14,66,4.230769230769231,26,0,0,7,6,13
/works/OL17603394W,734,50,79,4.432098765432099,81,5,1,5,13,57
/works/OL81617W,306,19,49,3.76,25,2,2,5,7,9
/works/OL2163638W,52,1,96,4.049180327868853,61,0,1,20,15,25
/works/OL6216050W,101,4,73,4.419354838709677,62,0,1,6,21,34
/works/OL15946464W,153,8,49,4.666666666666667,24,0,0,2,4,18
/works/OL2271589W,166,8,49,4.294117647058823,34,0,2,3,12,17
/works/OL45793W,196,12,68,3.2162162162162162,37,5,6,8,12,6
/works/OL17825802W,374,30,43,4.611111111111111,36,0,0,2,10,24
/works/OL471932W,326,30,82,4.25,40,1,2,4,12,21
/works/OL40939W,796,42,19,4.095238095238095,21,3,1,1,2,14
/works/OL17116358W,147,8,61,3.5384615384615383,52,0,7,17,21,7
/works/OL15493120W,155,18,37,3.5833333333333335,24,4,3,3,3,11
/works/OL7924210W,364,32,144,3.893617021276596,94,7,4,13,38,32
/works/OL81598W,167,9,46,3.5714285714285716,28,2,2,9,8,7
/works/OL1838382W,303,15,23,4.083333333333333,24,1,2,5,2,14
/works/OL66233W,123,8,46,3.4375,32,3,4,8,10,7
/works/OL15987908W,514,32,61,3.909090909090909,44,6,0,6,12,20
/works/OL8464993W,387,20,65,4.296296296296297,27,1,1,2,8,15
/works/OL3773977W,64,8,58,4.0,26,0,0,9,8,9
/works/OL2628761W,109,3,52,4.466666666666667,30,0,0,2,12,16
/works/OL15833793W,35,0,58,3.8292682926829267,41,0,3,14,11,13
/works/OL81601W,400,25,75,4.23404255319149,47,0,0,6,24,17
/works/OL5738259W,83,3,36,4.038461538461538,26,0,0,5,15,6
/works/OL453733W,63,1,59,4.534883720930233,43,0,0,3,14,26
/works/OL498556W,410,20,79,3.9285714285714284,42,1,4,8,13,16
/works/OL18543713W,0,0,0,,0,0,0,0,0,0
/works/OL21745884W,266,7,86,4.375,56,0,2,5,19,30
/works/OL23199W,137,9,44,4.37037037037037,27,0,1,2,10,14
/works/OL27256W,45,3,62,4.0,43,0,2,8,21,12
/works/OL3775397W,45,1,50,4.15,20,0,1,2,10,7
/works/OL45876W,136,8,38,4.0,26,0,3,7,3,13
/works/OL381550W,217,14,45,3.8666666666666667,30,1,1,9,9,10
/works/OL1099513W,157,10,72,3.9183673469387754,49,2,1,12,18,16
/works/OL17370186W,1019,58,52,4.046511627906977,43,3,0,7,15,18
/works/OL1974548W,278,17,35,4.310344827586207,29,0,0,4,12,13
/works/OL20735675W,46,1,52,4.472222222222222,36,0,1,1,14,20
/works/OL8034119W,299,24,39,4.133333333333334,30,0,1,8,7,14
/works/OL100779W,60,1,83,4.216666666666667,60,0,2,5,31,22
/works/OL731737W,102,6,49,3.3783783783783785,37,6,4,7,10,10
/works/OL16793865W,273,18,53,4.146341463414634,41,0,5,4,12,20
/works/OL17876100W,182,6,72,3.811320754716981,53,2,2,15,19,15
/works/OL2775698W,227,25,58,3.914285714285714,35,1,2,11,6,15
/works/OL5236259W,52,4,42,3.5833333333333335,24,2,2,5,10,5
/works/OL17074648W,22,0,67,4.1568627450980395,51,0,0,8,27,16
/works/OL16820059W,273,18,64,4.057142857142857,35,1,1,7,12,14
/works/OL17071448W,990,52,103,4.081081081081081,37,2,3,6,5,21
/works/OL98488W,102,5,68,3.9245283018867925,53,1,2,16,15,19
/works/OL5819884W,107,9,73,3.7291666666666665,48,1,4,13,19,11
/works/OL5819895W,325,17,105,3.918032786885246,61,1,5,14,19,22
/works/OL13646905W,87,0,46,4.166666666666667,36,0,2,7,10,17
/works/OL3951520W,120,0,44,4.166666666666667,36,0,2,6,12,16
/works/OL1164736W,530,69,16,4.181818181818182,22,2,1,1,5,13
/works/OL27258W,456,33,96,3.980392156862745,51,3,2,9,16,21
/works/OL716850W,350,19,62,4.28,50,1,0,9,14,26
/works/OL19747311W,19,0,63,4.22,50,0,1,6,24,19
/works/OL468431W,1323,104,220,4.047169811320755,106,2,4,27,27,46
/works/OL676009W,314,22,79,4.19672131147541,61,1,2,8,23,27
/works/OL1966488W,240,12,67,4.326530612244898,49,0,1,5,20,23
/works/OL20073906W,121,0,54,4.127659574468085,47,0,1,11,16,19
/works/OL16806877W,258,12,51,4.214285714285714,28,0,1,3,13,11
/works/OL59740W,138,4,80,3.8392857142857144,56,0,5,13,24,14
/works/OL20128158W,202,3,45,4.190476190476191,42,0,3,6,13,20
/works/OL16807297W,61,3,49,4.03030303030303,33,1,1,5,15,11
/works/OL49605W,0,0,0,,0,0,0,0,0,0
/works/OL453809W,61,0,58,4.48936170212766,47,0,0,5,14,28
/works/OL20150260W,985,25,76,4.0,43,2,1,8,16,16
/works/OL27203W,710,56,50,3.892857142857143,28,4,1,3,6,14
/works/OL2163706W,62,6,104,4.337349397590361,83,2,1,9,26,45
/works/OL1067314W,643,49,33,3.857142857142857,28,3,3,3,5,14
/works/OL3902892W,558,44,54,3.9285714285714284,42,1,3,8,16,14
/works/OL17892614W,120,8,53,4.254901960784314,51,1,3,4,17,26
/works/OL16099614W,40,2,53,3.604651162790698,43,2,6,9,16,10
/works/OL16564627W,50,1,69,3.823529411764706,51,2,2,10,26,11
/works/OL13716952W,232,10,55,3.717948717948718,39,2,3,12,9,13
/works/OL19761522W,409,17,34,4.166666666666667,24,2,2,3,0,17
/works/OL16797312W,407,28,64,4.150943396226415,53,4,3,5,10,31
/works/OL8165007W,762,63,57,4.341463414634147,41,3,0,3,9,26
/works/OL3923956W,1285,75,72,3.909090909090909,44,3,3,9,9,20
/works/OL2629977W,2573,177,132,4.028301886792453,106,5,3,22,30,46
/works/OL1914022W,377,14,55,4.1521739130434785,46,0,2,10,13,21
/works/OL46347W,71,1,77,3.9411764705882355,51,1,2,14,16,18
/works/OL59801W,103,2,62,3.948717948717949,39,0,1,12,14,12
/works/OL45865W,195,24,43,4.34375,32,1,1,3,8,19
/works/OL16282945W,450,25,64,4.193548387096774,31,1,1,4,10,15
/works/OL80021W,741,30,51,3.9642857142857144,28,1,1,6,10,10
/works/OL1879177W,237,8,57,4.023255813953488,43,0,4,6,18,15
/works/OL81628W,452,34,79,4.3125,32,2,0,3,8,19
/works/OL362702W,242,13,55,3.5945945945945947,37,2,4,12,8,11
/works/OL5842017W,139,8,49,4.185185185185185,27,0,1,5,9,12
/works/OL81610W,399,20,69,3.903225806451613,31,1,0,11,8,11
/works/OL265426W,845,36,110,3.914285714285714,70,6,5,9,19,31
/works/OL81632W,472,26,104,4.134615384615385,52,1,1,11,16,23
/works/OL81603W,560,35,89,3.91044776119403,67,1,4,20,17,25
/works/OL151798W,310,20,95,4.146341463414634,41,2,3,5,8,23
/works/OL149200W,68,5,63,4.257142857142857,35,1,1,2,15,16
/works/OL1719746W,219,15,54,3.9047619047619047,42,5,2,4,12,19
/works/OL17877260W,188,5,75,4.426229508196721,61,2,0,5,17,37
/works/OL5962664W,224,11,68,3.1458333333333335,48,6,9,12,14,7
/works/OL46302W,106,2,92,3.966666666666667,60,1,3,14,21,21
/works/OL46884W,120,8,56,3.5128205128205128,39,0,6,12,16,5
/works/OL10834W,335,24,66,3.847826086956522,46,2,2,9,21,12
/works/OL3501723W,185,10,83,3.7719298245614037,57,3,2,15,22,15
/works/OL8193420W,282,24,48,3.717948717948718,39,1,2,14,12,10
/works/OL14911626W,86,3,75,4.305084745762712,59,0,2,9,17,31
/works/OL17268007W,180,7,91,3.540983606557377,61,1,9,18,22,11
/works/OL59681W,255,10,86,3.5625,64,5,7,18,15,19
/works/OL63072W,262,20,48,3.6666666666666665,39,2,4,8,16,9
/works/OL554687W,86,3,42,4.128205128205129,39,0,3,5,15,16
/works/OL4720160W,317,15,54,4.023255813953488,43,0,2,10,16,15
/works/OL19096402W,1658,61,77,4.027397260273973,73,2,2,17,23,29
/works/OL29286W,136,5,60,4.222222222222222,27,0,2,4,7,14
/works/OL1980945W,158,6,55,4.451612903225806,31,0,0,5,7,19
/works/OL17054790W,614,46,57,4.701754385964913,57,2,0,3,3,49
/works/OL261794W,490,16,67,4.081081081081081,37,0,2,8,12,15
/works/OL77104W,191,21,40,4.129032258064516,31,2,2,4,5,18
/works/OL17356811W,790,64,39,4.1063829787234045,47,6,1,1,13,26
/works/OL4466828W,209,29,47,4.125,40,0,3,9,8,20
/works/OL476641W,240,14,59,4.097560975609756,41,2,1,6,14,18
/works/OL1975714W,103,5,72,4.214285714285714,56,0,2,7,24,23
/works/OL86707W,312,13,94,4.370967741935484,62,1,4,6,11,40
/works/OL74128W,428,16,95,4.191780821917808,73,0,2,16,21,34
/works/OL46909W,207,16,75,3.769230769230769,52,1,2,18,18,13
/works/OL5961784W,32,2,73,4.117647058823529,51,0,1,12,18,20
/works/OL18020194W,28090,1424,934,4.298941798941799,756,66,20,49,108,513
/works/OL503666W,355,20,41,3.85,40,3,2,9,10,16
/works/OL2465670W,33,1,42,3.888888888888889,36,2,2,8,10,14
/works/OL2056823W,233,11,68,4.685185185185185,54,0,1,1,12,40
/works/OL17358795W,198,9,65,4.217391304347826,46,0,1,10,13,22
/works/OL15829966W,321,12,58,4.377358490566038,53,1,1,7,12,32
/works/OL15505465W,359,26,86,4.130434782608695,46,3,0,9,10,24
/works/OL1052138W,718,46,58,3.7906976744186047,43,4,2,7,16,14
/works/OL4321141W,900,34,67,4.0,40,2,1,9,11,17
/works/OL3261155W,565,23,42,4.096774193548387,31,2,3,2,7,17
/works/OL1938205W,407,14,64,4.5,26,0,1,4,2,19
/works/OL98491W,353,33,38,3.5428571428571427,35,3,2,10,13,7
/works/OL261169W,182,11,77,4.243243243243243,37,0,2,4,14,17
/works/OL261155W,136,8,59,4.384615384615385,39,1,1,2,13,22
/works/OL49663W,80,0,74,4.036363636363636,55,3,1,8,22,21
/works/OL547745W,214,9,50,3.6333333333333333,30,3,1,6,14,6
/works/OL20262W,209,11,55,3.85,40,1,4,8,14,13
/works/OL5738154W,82,3,115,4.583333333333333,84,0,0,7,21,56
/works/OL2683364W,301,12,42,4.44,25,2,0,0,6,17
/works/OL1992198W,668,37,83,3.9508196721311477,61,2,2,12,26,19
/works/OL17842319W,365,10,39,4.375,32,0,1,7,3,21
/works/OL2577482W,327,10,55,3.9722222222222223,36,3,1,6,10,16
/works/OL2679341W,130,10,70,3.5185185185185186,54,0,9,13,27,5
/works/OL679266W,132,4,68,4.0,54,1,1,14,19,19
/works/OL151411W,336,17,114,4.038461538461538,78,0,8,15,21,34
/works/OL5092623W,316,29,46,4.0,31,2,0,5,13,11
/works/OL872932W,436,33,63,3.9714285714285715,35,1,1,6,17,10
/works/OL14871228W,368,32,41,4.176470588235294,34,2,2,4,6,20
/works/OL453659W,62,0,65,4.0,49,0,2,10,23,14
/works/OL18766691W,2359,64,97,4.4,65,2,3,6,10,44
/works/OL2626638W,250,4,75,3.7058823529411766,51,3,4,13,16,15
/works/OL46760W,289,18,57,4.363636363636363,33,1,0,5,7,20
/works/OL5734718W,51,2,63,3.85,40,1,2,10,16,11
/works/OL1673263W,419,41,45,4.387096774193548,31,1,1,2,8,19
/works/OL17797130W,602,39,61,3.7872340425531914,47,3,3,10,16,15
/works/OL17095301W,185,12,95,4.325,80,0,1,11,29,39
/works/OL492640W,363,29,164,4.490566037735849,53,4,1,1,6,41
/works/OL471509W,595,30,71,4.15,40,2,1,7,9,21
/works/OL7924199W,66,6,84,4.245614035087719,57,0,2,6,25,24
/works/OL66346W,360,14,77,4.02,50,4,2,5,17,22
/works/OL9200964W,71,1,74,4.311475409836065,61,1,3,4,21,32
/works/OL482454W,172,2,81,3.9545454545454546,66,1,4,13,27,21
/works/OL134834W,556,34,80,3.9607843137254903,51,4,1,7,20,19
/works/OL278851W,1251,53,81,4.068493150684931,73,3,2,13,24,31
/works/OL5727686W,1143,92,76,3.657142857142857,70,6,7,16,17,24
/works/OL453697W,105,3,78,4.211538461538462,52,0,1,10,18,23
/works/OL893515W,81,2,79,3.8823529411764706,51,3,2,7,25,14
/works/OL15413843W,362,22,260,3.6580645161290324,155,5,17,44,49,40
/works/OL8400950W,140,8,79,4.125,56,0,1,9,28,18
/works/OL17323489W,651,45,81,4.23404255319149,47,2,3,3,13,26
/works/OL71058W,130,8,105,3.8867924528301887,53,0,3,16,18,16
/works/OL2163719W,55,3,107,3.925373134328358,67,0,2,22,22,21
/works/OL258850W,205,10,49,3.909090909090909,33,2,1,3,19,8
/works/OL17834026W,111,8,85,4.609375,64,0,0,4,17,43
/works/OL1973422W,155,8,57,4.074074074074074,27,2,2,3,5,15
/works/OL453654W,58,1,78,4.326923076923077,52,0,1,5,22,24
/works/OL679360W,462,22,92,4.463414634146342,41,0,1,4,11,25
/works/OL8972751W,155,4,70,4.203389830508475,59,0,0,13,21,25
/works/OL138052W,685,41,137,4.074074074074074,81,3,3,14,26,35
/works/OL872981W,280,22,40,4.0,30,1,2,8,4,15
/works/OL19713513W,1645,50,65,4.209302325581396,43,4,1,4,7,27
/works/OL1100007W,164,10,76,4.0,58,2,2,13,18,23
/works/OL16361029W,384,30,78,4.318181818181818,44,0,3,7,7,27
/works/OL5749849W,387,16,86,3.7903225806451615,62,1,8,11,25,17
/works/OL891793W,0,0,0,,0,0,0,0,0,0
/works/OL8368449W,0,0,0,,0,0,0,0,0,0
/works/OL52267W,515,53,82,3.8684210526315788,38,2,4,6,11,15
/works/OL261202W,265,13,85,3.8297872340425534,47,3,4,11,9,20
/works/OL675722W,149,6,59,4.214285714285714,42,0,1,6,18,17
/works/OL262585W,81,5,60,4.051282051282051,39,0,2,9,13,15
/works/OL17716925W,173,6,72,4.142857142857143,56,0,2,8,26,20
/works/OL66347W,375,19,87,3.5892857142857144,56,6,3,15,16,16
/works/OL517221W,263,23,68,4.380952380952381,42,0,1,9,5,27
/works/OL2172454W,102,5,66,3.8846153846153846,52,2,3,12,17,18
/works/OL66946W,531,30,60,4.756756756756757,37,1,1,0,2,33
/works/OL2897797W,98,2,83,4.242857142857143,70,0,2,14,19,35
/works/OL59728W,165,5,64,4.018867924528302,53,2,2,12,14,23
/works/OL629052W,246,10,67,3.25,52,5,7,19,12,9
/works/OL1843720W,388,24,53,4.0,35,1,3,5,12,14
/works/OL262421W,1416,139,112,4.078651685393258,89,5,1,19,21,43
/works/OL15456729W,234,24,49,3.696969696969697,33,3,3,9,4,14
/works/OL267933W,419,30,57,3.4054054054054053,37,4,3,12,10,8
/works/OL453707W,54,1,58,4.186046511627907,43,0,1,6,20,16
/works/OL5784621W,105,4,88,3.9855072463768115,69,1,2,14,32,20
/works/OL17076678W,588,37,81,4.3768115942028984,69,6,1,2,12,48
/works/OL262454W,248,21,54,3.90625,32,2,4,3,9,14
/works/OL5961788W,31,3,76,3.8,55,0,3,19,19,14
/works/OL2163623W,83,7,144,4.1208791208791204,91,1,4,18,28,40
/works/OL1856675W,166,3,66,3.9215686274509802,51,0,1,13,26,11
/works/OL1822313W,877,66,92,3.816666666666667,60,4,4,11,21,20
/works/OL453735W,88,10,114,4.397435897435898,78,0,1,9,26,42
/works/OL17357353W,507,16,43,4.405405405405405,37,1,2,3,6,25
/works/OL472715W,312,13,85,4.0227272727272725,44,0,5,7,14,18
/works/OL71124W,134,5,92,3.8867924528301887,53,2,3,13,16,19
/works/OL453660W,75,1,76,4.0,52,0,2,12,22,16
/works/OL14942956W,324,21,97,3.8076923076923075,52,2,5,11,17,17
/works/OL17080845W,233,15,61,3.5,46,2,5,16,14,9
/works/OL18012166W,481,11,65,4.076923076923077,52,1,3,10,15,23
/works/OL510405W,164,7,95,3.8285714285714287,70,1,6,16,28,19
/works/OL259010W,413,15,88,3.642857142857143,56,4,5,12,21,14
/works/OL16239762W,584,22,73,3.7333333333333334,45,5,3,7,14,16
/works/OL46224W,96,9,146,4.088235294117647,102,1,3,15,50,33
/works/OL15833328W,270,6,84,3.8596491228070176,57,0,2,16,27,12
/works/OL151406W,279,19,53,3.925,40,3,4,2,15,16
/works/OL15638539W,432,18,59,4.166666666666667,48,1,3,8,11,25
/works/OL16803752W,535,28,70,4.0625,48,2,2,7,17,20
/works/OL17610986W,716,45,55,4.644736842105263,76,3,1,3,6,63
/works/OL16804289W,278,16,80,3.625,48,2,3,20,9,14
/works/OL5840870W,701,53,67,3.95,40,4,4,4,6,22
/works/OL8369445W,134,7,71,4.095238095238095,63,1,2,8,31,21
/works/OL14868643W,220,21,96,4.0,54,2,0,14,18,20
/works/OL257746W,1410,129,139,3.900709219858156,141,10,4,30,43,54
/works/OL61981W,378,22,81,3.9152542372881354,59,2,4,14,16,23
/works/OL16014245W,3796,270,172,4.170212765957447,94,9,2,8,20,55
/works/OL257914W,177,9,106,4.402985074626866,67,1,3,5,17,41
/works/OL5685119W,138,6,105,3.5555555555555554,72,3,7,23,25,14
/works/OL13101191W,864,63,78,4.030769230769231,65,3,5,10,16,31
/works/OL59133W,485,29,97,4.111111111111111,45,0,6,5,12,22
/works/OL468678W,574,53,67,4.151515151515151,66,3,6,8,10,39
/works/OL149119W,145,10,62,4.023255813953488,43,0,2,11,14,16
/works/OL492642W,321,22,137,4.509433962264151,53,3,0,3,8,39
/works/OL100672W,182,7,82,3.8867924528301887,53,0,3,13,24,13
/works/OL158041W,165,6,86,4.016949152542373,59,0,4,11,24,20
/works/OL796465W,1518,148,204,3.6289308176100628,159,13,18,37,38,53
/works/OL27495W,367,32,110,3.8552631578947367,76,4,5,21,14,32
/works/OL8756330W,421,26,42,4.705882352941177,51,1,1,2,4,43
/works/OL16664287W,460,47,135,4.606060606060606,66,1,1,4,11,49
/works/OL265501W,370,35,93,4.444444444444445,54,2,3,5,3,41
/works/OL17062644W,111,2,81,3.9836065573770494,61,0,2,15,26,18
/works/OL70988W,436,21,76,4.1568627450980395,51,1,2,9,15,24
/works/OL18941W,305,20,96,3.971014492753623,69,0,5,14,28,22
/works/OL264729W,411,22,73,3.6486486486486487,37,2,6,8,8,13
/works/OL166894W,323,21,106,4.192771084337349,83,0,4,9,37,33
/works/OL17800586W,726,33,22,4.3,30,2,1,1,8,18
/works/OL893526W,226,15,132,3.9204545454545454,88,3,4,17,37,27
/works/OL5738148W,376,16,117,4.473684210526316,76,0,2,3,28,43
/works/OL5720027W,378,37,99,4.2,45,3,2,4,10,26
/works/OL274505W,649,44,77,3.9285714285714284,42,3,3,7,10,19
/works/OL15420038W,135,11,88,4.140625,64,0,1,12,28,23
/works/OL1209288W,352,16,91,4.241935483870968,62,0,0,12,23,27
/works/OL453657W,224,14,147,3.9791666666666665,96,2,4,19,40,31
/works/OL5760013W,441,22,116,4.318840579710145,69,5,3,6,6,49
/works/OL49581W,80,8,100,4.114285714285714,70,1,0,14,30,25
/works/OL76835W,158,22,99,3.22972972972973,74,3,18,20,25,8
/works/OL2625431W,341,12,82,4.032258064516129,62,2,3,11,21,25
/works/OL5969057W,210,19,112,3.839080459770115,87,2,6,24,27,28
/works/OL45884W,376,18,68,3.875,40,1,4,11,7,17
/works/OL8553062W,517,13,59,3.6666666666666665,57,4,4,15,18,16
/works/OL453936W,578,33,87,4.37037037037037,54,2,1,5,13,33
/works/OL23166W,473,31,93,4.075757575757576,66,4,5,5,20,32
/works/OL872773W,172,6,54,3.8048780487804876,41,2,3,12,8,16
/works/OL16808471W,248,21,103,4.3061224489795915,49,0,2,9,10,28
/works/OL17824318W,519,29,58,4.695652173913044,46,0,0,0,14,32
/works/OL38499W,132,7,89,4.070422535211268,71,1,5,13,21,31
/works/OL2917249W,1939,151,47,4.372881355932203,59,4,0,5,11,39
/works/OL65906W,364,20,94,3.46875,64,5,11,14,17,17
/works/OL17332479W,1244,81,104,4.547169811320755,53,1,4,0,8,40
/works/OL5749848W,196,8,91,3.825,80,1,6,17,38,18
/works/OL71132W,104,8,121,4.04054054054054,74,0,3,17,28,26
/works/OL77826W,424,29,85,3.8461538461538463,52,3,3,12,15,19
/works/OL8034526W,606,44,47,3.926829268292683,41,4,2,6,10,19
/works/OL81615W,120,10,85,4.12962962962963,54,2,3,7,16,26
/works/OL17837968W,122,7,116,3.6354166666666665,96,3,9,31,30,23
/works/OL17793648W,502,27,33,4.627906976744186,43,3,0,2,0,38
/works/OL16821606W,655,26,78,4.296296296296297,54,1,1,5,21,26
/works/OL7924211W,114,11,105,4.1692307692307695,65,0,3,5,35,22
/works/OL453680W,81,9,108,4.088235294117647,68,0,1,17,25,25
/works/OL103134W,359,12,109,3.986666666666667,75,2,4,15,26,28
/works/OL118388W,307,16,92,3.746268656716418,67,0,5,20,29,13
/works/OL3368289W,203,15,79,4.116666666666666,60,0,1,14,22,23
/works/OL17059943W,449,31,102,4.327868852459017,61,4,2,6,7,42
/works/OL16793507W,571,24,67,4.363636363636363,55,1,4,6,7,37
/works/OL486967W,244,16,86,4.2153846153846155,65,0,2,9,27,27
/works/OL16808392W,399,30,113,4.368421052631579,57,2,0,8,12,35
/works/OL5720025W,360,17,131,3.3676470588235294,68,8,12,16,11,21
/works/OL8996439W,235,15,105,4.098765432098766,81,1,3,11,38,28
/works/OL1864160W,443,45,68,3.8653846153846154,52,5,4,7,13,23
/works/OL27516W,332,17,130,4.34375,64,1,1,9,17,36
/works/OL81594W,123,7,76,4.254901960784314,51,0,1,7,21,22
/works/OL5749847W,500,14,106,4.012658227848101,79,1,4,12,38,24
/works/OL17713267W,1186,72,104,4.021978021978022,91,1,4,17,39,30
/works/OL15104144W,349,26,99,4.016949152542373,59,2,1,17,13,26
/works/OL71069W,209,9,128,3.971014492753623,69,1,2,16,29,21
/works/OL5738150W,93,12,129,4.451612903225806,93,0,0,12,27,54
/works/OL28993W,150,5,119,3.9746835443037973,79,1,7,14,28,29
/works/OL28996W,122,4,112,3.8157894736842106,76,2,10,14,24,26
/works/OL24034W,459,26,104,3.857142857142857,63,0,2,22,22,17
/works/OL2746369W,384,21,70,4.117647058823529,51,1,3,9,14,24
/works/OL15437570W,401,30,71,4.203703703703703,54,4,0,8,11,31
/works/OL679333W,189,8,123,4.078651685393258,89,0,3,15,43,28
/works/OL271163W,145,3,99,4.144736842105263,76,1,2,11,33,29
/works/OL50548W,879,46,75,3.7254901960784315,51,4,5,8,18,16
/works/OL5734647W,117,3,98,4.227848101265823,79,0,1,11,36,31
/works/OL875437W,1270,73,160,4.263888888888889,72,3,2,8,19,40
/works/OL46309W,123,4,140,4.26530612244898,98,0,2,13,40,43
/works/OL20600W,445,31,86,3.7017543859649122,57,2,2,21,18,14
/works/OL455305W,436,20,108,3.2253521126760565,71,7,11,21,23,9
/works/OL1037811W,704,72,40,4.297872340425532,47,4,1,3,8,31
/works/OL2172403W,288,5,114,3.616279069767442,86,1,11,23,36,15
/works/OL16484595W,375,20,77,4.095238095238095,63,0,5,11,20,27
/works/OL11822690W,378,25,84,3.9245283018867925,53,0,3,15,18,17
/works/OL2056818W,148,3,72,4.435483870967742,62,0,1,5,22,34
/works/OL3871697W,0,0,0,,0,0,0,0,0,0
/works/OL3368288W,223,6,110,4.216216216216216,74,3,3,10,17,41
/works/OL2010879W,10442,870,404,4.132022471910112,356,35,15,38,48,220
/works/OL2718328W,875,94,135,4.346153846153846,78,6,1,6,12,53
/works/OL2625457W,388,20,104,3.961038961038961,77,3,3,13,33,25
/works/OL81597W,425,23,101,3.6739130434782608,92,0,8,34,30,20
/works/OL52987W,683,32,140,3.923076923076923,65,3,5,9,25,23
/works/OL14877280W,555,49,98,4.023255813953488,43,2,1,11,9,20
/works/OL16152981W,381,22,91,4.074626865671642,67,1,3,14,21,28
/works/OL5782000W,491,30,100,4.3428571428571425,70,2,2,8,16,42
/works/OL17417W,213,3,107,4.171052631578948,76,0,0,17,29,30
/works/OL16804661W,252,8,104,4.113924050632911,79,1,2,12,36,28
/works/OL81618W,588,35,119,4.333333333333333,69,3,0,6,22,38
/works/OL8479869W,128,4,132,4.300970873786408,103,0,5,9,39,50
/works/OL17365W,263,11,144,4.155963302752293,109,1,4,18,40,46
/works/OL17267881W,523,23,215,3.903030303030303,165,5,9,38,58,55
/works/OL17203233W,1197,71,47,4.416666666666667,48,2,1,3,11,31
/works/OL16224122W,690,59,98,4.538461538461538,91,5,2,3,10,71
/works/OL71042W,339,19,123,4.057142857142857,70,0,2,17,26,25
/works/OL15358691W,276,15,142,4.69,100,0,2,4,17,77
/works/OL23205W,534,20,121,3.985294117647059,68,5,1,11,24,27
/works/OL17719508W,558,52,52,4.27906976744186,43,4,2,4,1,32
/works/OL273644W,1036,62,118,4.142857142857143,63,1,4,9,20,29
/works/OL16290253W,150,15,90,3.8253968253968256,63,1,5,17,21,19
/works/OL731735W,311,17,92,3.2962962962962963,81,10,11,24,17,19
/works/OL257939W,234,12,194,4.266187050359712,139,2,5,15,49,68
/works/OL16817509W,765,86,67,4.191489361702128,47,3,2,3,14,25
/works/OL1636262W,543,49,115,4.166666666666667,84,4,5,9,21,45
/works/OL81625W,198,19,95,4.2153846153846155,65,1,2,12,17,33
/works/OL40873W,443,15,144,3.8623853211009176,109,4,13,16,37,39
/works/OL45886W,481,42,113,4.264705882352941,68,1,2,12,16,37
/works/OL465360W,602,68,90,4.297297297297297,74,4,3,5,17,45
/works/OL453658W,127,3,141,4.216494845360825,97,0,1,16,41,39
/works/OL17930368W,15998,938,426,4.239795918367347,392,34,10,34,64,250
/works/OL14873315W,250,19,102,3.532258064516129,62,4,3,25,16,14
/works/OL893415W,1294,91,380,4.2593984962406015,266,4,8,32,93,129
/works/OL2163649W,960,58,214,4.537735849056604,106,0,2,9,25,70
/works/OL77792W,573,66,109,4.236363636363636,55,1,3,7,15,29
/works/OL5720022W,380,22,128,3.356164383561644,73,12,16,8,8,29
/works/OL46404W,0,0,0,,0,0,0,0,0,0
/works/OL52266W,977,57,100,3.8055555555555554,72,4,5,15,25,23
/works/OL8721462W,315,23,104,3.736111111111111,72,4,6,19,19,24
/works/OL17360811W,806,49,124,3.9782608695652173,92,7,8,11,20,46
/works/OL1095427W,600,37,143,4.086956521739131,92,4,2,17,28,41
/works/OL1966485W,512,23,114,3.8444444444444446,90,5,4,22,28,31
/works/OL6027236W,913,87,129,4.159090909090909,88,1,6,12,28,41
/works/OL276798W,665,26,182,4.156462585034014,147,2,11,20,43,71
/works/OL16085155W,782,52,141,4.120689655172414,116,1,6,21,38,50
/works/OL81616W,129,12,103,4.17910447761194,67,1,2,13,19,32
/works/OL1268413W,738,49,137,4.232142857142857,112,2,4,17,32,57
/works/OL2096536W,272,9,87,4.085714285714285,70,1,4,14,20,31
/works/OL1898309W,664,39,139,4.088235294117647,68,3,4,8,22,31
/works/OL17798838W,449,35,47,4.54320987654321,81,3,3,5,6,64
/works/OL24160W,498,29,132,3.9726027397260273,73,0,2,22,25,24
/works/OL15980243W,550,65,150,4.231884057971015,69,4,2,12,7,44
/works/OL627084W,1573,102,114,3.985294117647059,68,3,3,11,26,25
/works/OL27448W,1221,95,109,4.515625,64,2,2,6,5,49
/works/OL675783W,1644,88,136,3.838235294117647,68,5,5,11,22,25
/works/OL276558W,504,33,136,4.243478260869566,115,2,3,16,38,56
/works/OL17606111W,1156,55,133,4.223684210526316,76,4,5,6,16,45
/works/OL13655592W,516,50,63,4.410714285714286,56,2,3,4,8,39
/works/OL53919W,443,29,144,4.0212765957446805,94,0,1,26,37,30
/works/OL2827199W,407,29,136,3.8737864077669903,103,2,5,26,41,29
/works/OL16810620W,478,31,71,4.033898305084746,59,8,1,7,8,35
/works/OL2172356W,400,15,181,4.023076923076923,130,0,7,22,62,39
/works/OL5781992W,1004,84,141,4.073170731707317,82,3,6,11,24,38
/works/OL471565W,769,51,166,4.26595744680851,94,2,1,16,26,49
/works/OL29983W,1160,111,124,4.048780487804878,82,2,6,16,20,38
/works/OL81629W,660,33,120,4.333333333333333,66,1,0,11,18,36
/works/OL38501W,238,15,171,4.128571428571429,140,4,4,23,48,61
/works/OL9264548W,738,52,104,3.7,60,6,6,13,10,25
/works/OL258902W,470,20,140,4.024096385542169,83,1,5,18,26,33
/works/OL679348W,295,11,113,4.271604938271605,81,4,0,9,25,43
/works/OL53908W,592,45,182,3.7209302325581395,129,4,9,40,42,34
/works/OL85892W,566,65,178,3.9813084112149535,107,2,5,28,30,42
/works/OL28988W,461,23,205,3.9870967741935486,155,5,6,30,59,55
/works/OL266178W,974,78,123,4.141176470588236,85,2,3,16,24,40
/works/OL17184556W,509,52,78,4.116883116883117,77,5,2,11,20,39
/works/OL11999891W,608,38,113,4.366197183098592,71,1,2,9,17,42
/works/OL76833W,657,62,205,3.5705521472392636,163,13,13,47,48,42
/works/OL471576W,724,51,133,3.9726027397260273,73,2,3,21,16,31
/works/OL16015154W,912,65,84,3.926829268292683,82,7,2,16,22,35
/works/OL8721465W,501,38,110,3.844155844155844,77,2,6,21,21,27
/works/OL81626W,1169,90,190,4.041237113402062,97,1,4,18,41,33
/works/OL5682519W,1236,95,145,4.4576271186440675,118,5,2,12,14,85
/works/OL18417W,687,48,118,4.0,77,2,1,21,24,29
/works/OL71037W,987,77,154,4.157303370786517,89,7,4,9,17,52
/works/OL60149W,598,30,142,4.478260869565218,69,0,0,6,24,39
/works/OL116250W,995,90,198,4.190476190476191,126,3,3,23,35,62
/works/OL5819456W,1209,71,151,4.25,96,5,3,10,23,55
/works/OL82537W,2516,201,546,4.174050632911392,316,12,5,55,88,156
/works/OL492647W,602,45,204,4.427083333333333,96,2,4,10,15,65
/works/OL46881W,564,31,150,4.026785714285714,112,2,7,23,34,46
/works/OL15719630W,966,68,212,4.0,128,7,8,23,30,60
/works/OL362427W,1004,75,175,3.626086956521739,115,6,7,41,31,30
/works/OL46125W,661,44,288,4.088669950738916,203,2,12,39,63,87
/works/OL76837W,1708,118,191,3.9035087719298245,114,7,7,22,32,46
/works/OL63073W,1005,60,198,3.879194630872483,149,6,8,33,53,49
/works/OL278022W,621,42,170,3.8920863309352516,139,1,14,25,58,41
/works/OL17714701W,1965,111,109,4.364583333333333,96,6,2,8,15,65
/works/OL1317211W,748,54,97,3.896103896103896,77,2,7,16,24,28
/works/OL492646W,641,60,224,4.531914893617022,94,1,1,8,21,63
/works/OL41495W,753,46,175,3.9065420560747666,107,5,7,20,36,39
/works/OL2897798W,194,10,164,4.424657534246576,146,1,4,15,38,88
/works/OL45804W,718,56,143,3.806451612903226,93,9,6,18,21,39
/works/OL102749W,641,40,122,3.6881720430107525,93,5,12,16,34,26
/works/OL61982W,516,20,126,3.99,100,0,9,20,34,37
/works/OL81633W,1428,96,258,4.133689839572193,187,0,6,38,68,75
/works/OL17075811W,1958,167,152,4.316326530612245,98,3,4,9,25,57
/works/OL38663W,496,31,123,3.4835164835164836,91,11,10,18,28,24
/works/OL9170454W,741,54,158,3.9814814814814814,108,2,6,26,32,42
/works/OL59852W,493,22,111,3.9887640449438204,89,1,4,20,34,30
/works/OL15197048W,319,9,125,4.3584905660377355,106,1,4,11,30,60
/works/OL17091839W,461,25,305,4.394736842105263,228,2,3,23,75,125
/works/OL45809W,752,63,145,3.901098901098901,91,4,3,25,25,34
/works/OL15401200W,905,80,177,4.575757575757576,99,1,1,11,13,73
/works/OL16336633W,2031,201,125,3.7142857142857144,105,12,10,16,25,42
/works/OL21177W,1086,65,146,3.7547169811320753,106,9,12,16,28,41
/works/OL15992072W,1908,128,145,4.162601626016261,123,3,5,20,36,59
/works/OL8479867W,542,29,185,4.313725490196078,153,4,5,14,46,84
/works/OL98459W,579,26,269,4.178010471204188,191,1,8,30,69,83
/works/OL1063301W,4633,406,192,4.280898876404494,178,11,4,21,30,112
/works/OL1892624W,1161,88,161,4.084967320261438,153,6,5,27,47,68
/works/OL15110516W,750,60,125,4.401785714285714,112,4,2,14,17,75
/works/OL52114W,570,38,131,3.7395833333333335,96,2,7,26,40,21
/works/OL23204W,929,84,285,3.9894736842105263,190,2,9,36,85,58
/works/OL2965102W,693,46,223,4.048484848484849,165,4,5,32,62,62
/works/OL82565W,1501,108,287,4.440298507462686,134,4,3,16,18,93
/works/OL81631W,1403,76,185,4.0212765957446805,141,6,5,25,49,56
/works/OL8125760W,1225,115,186,4.165217391304348,115,8,4,10,32,61
/works/OL45885W,907,78,146,4.192660550458716,109,8,3,15,17,66
/works/OL5735360W,687,42,323,4.109289617486339,183,1,7,34,70,71
/works/OL82577W,1838,140,333,4.383647798742138,159,5,3,22,25,104
/works/OL3335245W,1279,59,345,3.6666666666666665,258,11,30,66,78,73
/works/OL1898308W,604,31,164,4.058252427184466,103,8,5,16,18,56
/works/OL1968368W,15364,834,390,4.238442822384428,411,39,12,32,57,271
/works/OL16142094W,1928,158,231,4.355029585798817,169,7,6,17,29,110
/works/OL679358W,1226,51,165,4.008130081300813,123,6,5,22,39,51
/works/OL15936512W,665,38,240,3.9901477832512313,203,7,11,41,62,82
/works/OL27479W,487,38,258,4.3375,160,1,5,19,49,86
/works/OL81634W,1389,74,165,4.068181818181818,88,5,5,10,27,41
/works/OL10264W,948,57,151,4.354166666666667,96,3,8,6,14,65
/works/OL82548W,1598,133,410,4.338028169014085,213,9,1,25,52,126
/works/OL483391W,1600,165,296,3.9815668202764978,217,9,14,40,63,91
/works/OL3140834W,2570,188,214,3.984251968503937,127,9,3,25,34,56
/works/OL492658W,1778,170,337,4.367231638418079,177,1,3,30,39,104
/works/OL45846W,1650,147,248,4.4068627450980395,204,12,4,13,35,140
/works/OL450063W,768,69,251,3.8741721854304636,151,4,14,30,52,51
/works/OL1168083W,2650,180,402,4.263888888888889,216,5,10,21,67,113
/works/OL1168007W,1501,109,594,4.071428571428571,378,7,16,67,141,147
/works/OL82586W,2405,166,449,4.329710144927536,276,5,6,40,67,158
/works/OL64468W,1494,71,448,3.888535031847134,314,8,17,75,116,98
/works/OL16444438W,2107,181,203,4.275590551181103,127,8,4,12,24,79
/works/OL66554W,2316,217,215,4.079470198675497,151,9,13,18,28,83
/works/OL49617W,696,44,396,4.325342465753424,292,6,5,30,98,153
/works/OL2430140W,1519,74,315,3.6463878326996197,263,18,18,76,78,73
/works/OL257943W,3256,191,407,4.2740112994350286,354,13,9,50,78,204
/works/OL5735363W,2445,190,486,4.058631921824104,307,6,19,55,98,129
/works/OL17590212W,23249,1449,501,4.123574144486692,526,64,11,43,86,322
/works/OL527464W,5600,477,200,4.128,250,23,10,26,44,147
/works/OL14933414W,902,63,363,4.344444444444444,270,3,6,30,87,144
/works/OL103123W,1885,101,442,3.9768211920529803,302,8,17,65,96,116
/works/OL8483260W,2609,202,282,4.208888888888889,225,16,8,26,38,137
/works/OL45790W,1425,113,252,4.005291005291006,189,14,8,30,48,89
/works/OL81613W,5424,337,406,4.1506849315068495,365,24,9,51,85,196
/works/OL82536W,2106,144,640,4.30478589420655,397,12,5,53,107,220
/works/OL5720023W,2412,173,369,3.6666666666666665,264,41,27,36,35,125
/works/OL262758W,2036,159,516,4.26685393258427,356,12,15,29,110,190
/works/OL82563W,9272,833,835,4.288256227758007,562,42,15,47,93,365
